<?xml version="1.0" encoding="UTF-8"?>
<project-private xmlns="http://www.netbeans.org/ns/project-private/1">
    <editor-bookmarks xmlns="http://www.netbeans.org/ns/editor-bookmarks/2" lastBookmarkId="0"/>
    <open-files xmlns="http://www.netbeans.org/ns/projectui-open-files/2">
        <group>
            <file>file:/C:/Users/faycal/Documents/NetBeansProjects/Animaux/web/index.html</file>
            <file>file:/C:/Users/faycal/Documents/NetBeansProjects/Animaux/web/affcrea.jsp</file>
            <file>file:/C:/Users/faycal/Documents/NetBeansProjects/Animaux/web/creation.jsp</file>
            <file>file:/C:/Users/faycal/Documents/NetBeansProjects/Animaux/src/java/Create.java</file>
            <file>file:/C:/Users/faycal/Documents/NetBeansProjects/Animaux/src/java/Oiseau.java</file>
            <file>file:/C:/Users/faycal/Documents/NetBeansProjects/Animaux/src/java/Liste.java</file>
        </group>
    </open-files>
</project-private>
